Country,Year,Food Availibility per capita (kg/cap/year)
Algeria,1980,206.5071516
Algeria,1981,197.9601516
Algeria,1982,196.5357004
Algeria,1983,196.7980507
Algeria,1984,191.7431281
Algeria,1985,201.3001715
Algeria,1986,213.3947847
Algeria,1987,210.7421681
Algeria,1988,218.4584818
Algeria,1989,217.21069680000002
Algeria,1990,230.94995899999998
Algeria,1991,239.85914390000002
Algeria,1992,222.3931131
Algeria,1993,235.3938918
Algeria,1994,207.990992
Algeria,1995,217.8473239
Algeria,1996,223.27498889999998
Algeria,1997,218.8951036
Algeria,1998,225.95494269999998
Algeria,1999,226.81898650000002
Algeria,2000,228.20624530000003
Algeria,2001,231.842585
Algeria,2002,233.9397522
Algeria,2003,240.05548030000003
Algeria,2004,240.867793
Algeria,2005,244.30298059999998
Algeria,2006,246.4709929
Algeria,2007,241.2360905
Algeria,2008,245.88022999999998
Algeria,2009,249.7537373
Algeria,2010,254.00537569999997
Algeria,2011,259.0988489
Algeria,2012,263.0397503
Algeria,2013,262.5676594
Egypt,1980,213.4261236
Egypt,1981,225.8973111
Egypt,1982,228.3629713
Egypt,1983,229.36163109999998
Egypt,1984,229.34202870000001
Egypt,1985,231.1302125
Egypt,1986,229.1059591
Egypt,1987,238.88574169999998
Egypt,1988,239.57285269999997
Egypt,1989,237.74236839999998
Egypt,1990,255.7763607
Egypt,1991,261.38312740000003
Egypt,1992,257.1306616
Egypt,1993,256.3212931
Egypt,1994,259.7924617
Egypt,1995,264.9043097
Egypt,1996,266.9317627
Egypt,1997,269.30998470000003
Egypt,1998,270.401956
Egypt,1999,270.5616483
Egypt,2000,271.9992673
Egypt,2001,277.2751768
Egypt,2002,278.01390760000004
Egypt,2003,279.39124449999997
Egypt,2004,281.3457108
Egypt,2005,282.8771442
Egypt,2006,282.81528560000004
Egypt,2007,287.8920152
Egypt,2008,290.1505064
Egypt,2009,291.9777892
Egypt,2010,290.62190580000004
Egypt,2011,289.3875386
Egypt,2012,290.3519052
Egypt,2013,289.5074487
Morocco,1980,232.83978109999998
Morocco,1981,236.0500284
Morocco,1982,241.460456
Morocco,1983,238.45388619999997
Morocco,1984,246.4218753
Morocco,1985,246.721317
Morocco,1986,253.6067056
Morocco,1987,255.6134965
Morocco,1988,256.8900741
Morocco,1989,246.27890069999998
Morocco,1990,257.0126469
Morocco,1991,219.99599819999997
Morocco,1992,221.02193569999997
Morocco,1993,220.92919229999998
Morocco,1994,222.5701738
Morocco,1995,219.98987680000002
Morocco,1996,225.07547409999998
Morocco,1997,226.3847225
Morocco,1998,227.97530519999998
Morocco,1999,228.38537209999998
Morocco,2000,228.77978810000002
Morocco,2001,231.53466630000003
Morocco,2002,236.1910804
Morocco,2003,238.3096853
Morocco,2004,242.747065
Morocco,2005,246.16366800000003
Morocco,2006,247.99778500000002
Morocco,2007,251.7807893
Morocco,2008,255.65076690000004
Morocco,2009,259.27435319999995
Morocco,2010,265.8986472
Morocco,2011,269.6642847
Morocco,2012,269.784158
Morocco,2013,270.3878441
Tunisia,1980,211.26992420000002
Tunisia,1981,202.2065565
Tunisia,1982,195.9008888
Tunisia,1983,208.36982619999998
Tunisia,1984,214.212686
Tunisia,1985,216.21673450000003
Tunisia,1986,219.21947000000003
Tunisia,1987,219.8199634
Tunisia,1988,225.5100583
Tunisia,1989,222.6772086
Tunisia,1990,210.05960040000002
Tunisia,1991,212.232476
Tunisia,1992,210.84577230000002
Tunisia,1993,212.7212017
Tunisia,1994,211.36261980000003
Tunisia,1995,219.2129739
Tunisia,1996,221.1882328
Tunisia,1997,214.2761284
Tunisia,1998,218.63996919999997
Tunisia,1999,217.83958379999999
Tunisia,2000,218.061756
Tunisia,2001,219.72460130000002
Tunisia,2002,220.2012556
Tunisia,2003,220.6695972
Tunisia,2004,224.67832119999997
Tunisia,2005,224.4480225
Tunisia,2006,228.0232747
Tunisia,2007,232.04353959999997
Tunisia,2008,233.80586430000002
Tunisia,2009,234.8080145
Tunisia,2010,237.5190004
Tunisia,2011,236.8248644
Tunisia,2012,236.55428930000002
Tunisia,2013,234.250263
Cameroon,1980,140.16166280000002
Cameroon,1981,133.974026
Cameroon,1982,135.3118967
Cameroon,1983,127.7401196
Cameroon,1984,127.7454879
Cameroon,1985,126.3900172
Cameroon,1986,134.719648
Cameroon,1987,134.3435761
Cameroon,1988,132.2660699
Cameroon,1989,135.70163390000002
Cameroon,1990,134.5607618
Cameroon,1991,130.1870405
Cameroon,1992,129.98470759999998
Cameroon,1993,130.3848128
Cameroon,1994,117.02108030000001
Cameroon,1995,128.1607435
Cameroon,1996,131.934011
Cameroon,1997,138.1094326
Cameroon,1998,143.9361936
Cameroon,1999,128.49382279999998
Cameroon,2000,145.74901730000002
Cameroon,2001,144.8470949
Cameroon,2002,142.2058411
Cameroon,2003,142.8096935
Cameroon,2004,146.0098245
Cameroon,2005,156.4220982
Cameroon,2006,165.57787480000002
Cameroon,2007,171.09425969999998
Cameroon,2008,179.5147124
Cameroon,2009,183.99439809999998
Cameroon,2010,202.3217524
Cameroon,2011,211.44154480000003
Cameroon,2012,210.9306821
Cameroon,2013,211.9497003
CAR,1980,176.94028380000003
CAR,1981,176.623272
CAR,1982,166.2001263
CAR,1983,152.870856
CAR,1984,138.3813823
CAR,1985,128.3316512
CAR,1986,132.8960971
CAR,1987,125.9835702
CAR,1988,123.21064720000001
CAR,1989,121.69110079999999
CAR,1990,126.4060587
CAR,1991,125.71845259999998
CAR,1992,123.2168909
CAR,1993,115.709944
CAR,1994,109.0904207
CAR,1995,111.6604254
CAR,1996,119.26409890000001
CAR,1997,127.1590602
CAR,1998,128.0677148
CAR,1999,122.16892949999999
CAR,2000,128.37676100000002
CAR,2001,127.63387959999999
CAR,2002,123.70017539999999
CAR,2003,122.83836740000001
CAR,2004,125.4299675
CAR,2005,126.63747620000001
CAR,2006,125.86549409999999
CAR,2007,127.2046175
CAR,2008,130.8055493
CAR,2009,133.0915305
CAR,2010,134.8522009
CAR,2011,135.8767506
CAR,2012,132.5435968
CAR,2013,127.46072530000001
Burundi,1980,103.6113642
Burundi,1981,104.0778844
Burundi,1982,99.32018161
Burundi,1983,98.04147824
Burundi,1984,97.98857873
Burundi,1985,103.01693470000001
Burundi,1986,105.1848604
Burundi,1987,104.9595256
Burundi,1988,105.5839577
Burundi,1989,100.3640029
Burundi,1990,108.85096740000002
Burundi,1991,107.30573490000002
Burundi,1992,108.7152269
Burundi,1993,114.56674280000001
Burundi,1994,108.03781229999998
Burundi,1995,109.18899040000001
Burundi,1996,108.76477450000002
Burundi,1997,111.3506227
Burundi,1998,106.9047605
Burundi,1999,111.9926456
Burundi,2000,109.51779499999999
Burundi,2001,117.019145
Burundi,2002,108.18249850000001
Burundi,2003,104.461179
Burundi,2004,103.1324083
Burundi,2005,102.37226779999999
Burundi,2006,95.93452592
Burundi,2007,95.40320299
Burundi,2008,94.56547912
Burundi,2009,92.00578642
Burundi,2010,112.764977
Burundi,2011,107.80152220000001
Burundi,2012,124.2590436
Burundi,2013,124.9627811
Eritrea,1993,118.29091650000001
Eritrea,1994,126.6588959
Eritrea,1995,128.99112490000002
Eritrea,1996,125.96966599999999
Eritrea,1997,125.7444199
Eritrea,1998,126.88730690000001
Eritrea,1999,124.94071029999999
Eritrea,2000,118.4229223
Eritrea,2001,119.0046779
Eritrea,2002,118.02993980000001
Eritrea,2003,119.1719513
Eritrea,2004,119.3382311
Eritrea,2005,116.793458
Eritrea,2006,117.82546620000001
Eritrea,2007,114.84258510000001
Eritrea,2008,112.9835834
Eritrea,2009,110.97337830000001
Eritrea,2010,111.0936722
Eritrea,2011,112.231652
Eritrea,2012,110.8828993
Eritrea,2013,110.70655659999998
Ethiopia,1993,126.5583215
Ethiopia,1994,135.94174990000002
Ethiopia,1995,157.0379861
Ethiopia,1996,159.244753
Ethiopia,1997,167.9797455
Ethiopia,1998,163.4185875
Ethiopia,1999,162.6946928
Ethiopia,2000,157.864417
Ethiopia,2001,162.9735983
Ethiopia,2002,164.1510895
Ethiopia,2003,166.1050272
Ethiopia,2004,173.6915122
Ethiopia,2005,185.10027309999998
Ethiopia,2006,193.8899575
Ethiopia,2007,200.62022030000003
Ethiopia,2008,202.8914031
Ethiopia,2009,211.09790619999998
Ethiopia,2010,208.33025859999998
Ethiopia,2011,209.4580398
Ethiopia,2012,215.0277519
Ethiopia,2013,216.9715892
Kenya,1980,167.7686982
Kenya,1981,158.45724850000002
Kenya,1982,161.9463251
Kenya,1983,157.9981716
Kenya,1984,132.4633899
Kenya,1985,154.220092
Kenya,1986,149.17207319999997
Kenya,1987,146.017201
Kenya,1988,137.7146832
Kenya,1989,131.2122794
Kenya,1990,139.2305137
Kenya,1991,141.0297042
Kenya,1992,140.4196542
Kenya,1993,139.216324
Kenya,1994,139.2833487
Kenya,1995,137.53740119999998
Kenya,1996,141.82251530000002
Kenya,1997,141.1030216
Kenya,1998,133.6568058
Kenya,1999,139.8095466
Kenya,2000,128.3924103
Kenya,2001,134.26056169999998
Kenya,2002,132.229952
Kenya,2003,135.2956378
Kenya,2004,136.52286909999998
Kenya,2005,130.8165258
Kenya,2006,137.01645480000002
Kenya,2007,136.2025599
Kenya,2008,139.0247119
Kenya,2009,139.1417381
Kenya,2010,151.9670457
Kenya,2011,151.21410369999998
Kenya,2012,176.7288693
Kenya,2013,176.5161209
Rwanda,1980,129.2925716
Rwanda,1981,126.78148359999999
Rwanda,1982,126.8812899
Rwanda,1983,126.7424149
Rwanda,1984,120.90241340000001
Rwanda,1985,121.6314672
Rwanda,1986,117.4128564
Rwanda,1987,110.0558118
Rwanda,1988,101.8860366
Rwanda,1989,92.90183803
Rwanda,1990,87.33920997
Rwanda,1991,110.27718770000001
Rwanda,1992,103.5607048
Rwanda,1993,118.580177
Rwanda,1994,110.65052140000002
Rwanda,1995,103.1400692
Rwanda,1996,131.4186096
Rwanda,1997,115.7060051
Rwanda,1998,118.27457379999998
Rwanda,1999,118.2270331
Rwanda,2000,137.3062936
Rwanda,2001,141.5227342
Rwanda,2002,143.7151271
Rwanda,2003,138.21708569999998
Rwanda,2004,134.1172344
Rwanda,2005,136.2606792
Rwanda,2006,128.7994075
Rwanda,2007,127.29336709999998
Rwanda,2008,131.5848999
Rwanda,2009,129.3917811
Rwanda,2010,153.1273386
Rwanda,2011,166.19193969999998
Rwanda,2012,175.0881239
Rwanda,2013,175.1162585
Sudan,1980,119.99526829999999
Sudan,1981,121.60526229999999
Sudan,1982,112.6709703
Sudan,1983,121.57586299999998
Sudan,1984,109.1630111
Sudan,1985,126.8068563
Sudan,1986,128.3253759
Sudan,1987,122.80847450000002
Sudan,1988,134.823515
Sudan,1989,129.9460919
Sudan,1990,115.25564159999999
Sudan,1991,127.0449506
Sudan,1992,133.2900106
Sudan,1993,127.44107849999999
Sudan,1994,134.5951928
Sudan,1995,133.6017755
Sudan,1996,135.85930449999998
Sudan,1997,136.67443669999997
Sudan,1998,135.96785830000002
Sudan,1999,136.5362494
Sudan,2000,140.1110181
Sudan,2001,140.56665969999997
Sudan,2002,140.1728191
Sudan,2003,142.1135188
Sudan,2004,141.7389462
Sudan,2005,144.0392024
Sudan,2006,145.2911949
Sudan,2007,144.3555572
Sudan,2008,146.218255
Sudan,2009,143.71945380000003
Sudan,2010,141.7393582
Sudan,2011,138.10708269999998
Sudan,2012,141.6888505
Sudan,2013,138.89441000000002
Tanzania,1980,172.5184876
Tanzania,1981,173.47646530000003
Tanzania,1982,173.3142948
Tanzania,1983,172.28425780000003
Tanzania,1984,174.7661565
Tanzania,1985,174.01192
Tanzania,1986,175.1789455
Tanzania,1987,177.09179430000003
Tanzania,1988,173.3154242
Tanzania,1989,178.2845139
Tanzania,1990,188.11359769999999
Tanzania,1991,177.3704252
Tanzania,1992,169.5831051
Tanzania,1993,164.6986136
Tanzania,1994,163.022467
Tanzania,1995,157.2972185
Tanzania,1996,157.19830469999997
Tanzania,1997,156.3007948
Tanzania,1998,159.9047855
Tanzania,1999,158.3262132
Tanzania,2000,154.41307350000002
Tanzania,2001,153.4456021
Tanzania,2002,155.2654186
Tanzania,2003,150.4432535
Tanzania,2004,155.7069785
Tanzania,2005,156.5584802
Tanzania,2006,158.1442695
Tanzania,2007,157.0918647
Tanzania,2008,156.3783205
Tanzania,2009,156.6069865
Tanzania,2010,166.47041299999998
Tanzania,2011,173.1921686
Tanzania,2012,177.4028639
Tanzania,2013,177.3091122
Uganda,1980,123.1957085
Uganda,1981,129.86693770000002
Uganda,1982,134.5867916
Uganda,1983,144.0468138
Uganda,1984,132.6388743
Uganda,1985,124.89808909999998
Uganda,1986,125.1183145
Uganda,1987,125.638282
Uganda,1988,130.8299468
Uganda,1989,138.3740668
Uganda,1990,129.2961082
Uganda,1991,142.7206687
Uganda,1992,139.7214482
Uganda,1993,139.2848252
Uganda,1994,126.5436597
Uganda,1995,129.6674462
Uganda,1996,120.3035689
Uganda,1997,124.14111770000001
Uganda,1998,134.9834297
Uganda,1999,134.551473
Uganda,2000,120.00396979999998
Uganda,2001,124.30984509999999
Uganda,2002,124.7653416
Uganda,2003,129.8665531
Uganda,2004,129.1884142
Uganda,2005,130.0806409
Uganda,2006,131.35830009999998
Uganda,2007,129.5041807
Uganda,2008,131.0533355
Uganda,2009,130.32920479999999
Uganda,2010,130.4216973
Uganda,2011,121.3950169
Uganda,2012,122.3502156
Uganda,2013,122.5378061
Angola,1980,134.28646919999997
Angola,1981,129.3697932
Angola,1982,122.1237149
Angola,1983,121.53044720000001
Angola,1984,115.67867930000001
Angola,1985,113.90872590000001
Angola,1986,114.10545079999999
Angola,1987,112.3288378
Angola,1988,103.7537676
Angola,1989,101.106449
Angola,1990,100.2928661
Angola,1991,114.2252451
Angola,1992,117.55140949999999
Angola,1993,111.4824616
Angola,1994,126.1712386
Angola,1995,133.07939950000002
Angola,1996,132.5491402
Angola,1997,127.66596470000002
Angola,1998,141.4312892
Angola,1999,141.366553
Angola,2000,145.63150380000002
Angola,2001,144.8515408
Angola,2002,152.54877009999998
Angola,2003,139.95781330000003
Angola,2004,144.429608
Angola,2005,150.94178359999998
Angola,2006,150.66222280000002
Angola,2007,160.6688153
Angola,2008,152.1648055
Angola,2009,154.7836266
Angola,2010,173.16737890000002
Angola,2011,178.17965790000002
Angola,2012,110.48394840000002
Angola,2013,109.58773980000001
Lesotho,1980,197.996871
Lesotho,1981,202.42369419999997
Lesotho,1982,193.0417062
Lesotho,1983,201.4751503
Lesotho,1984,197.2318764
Lesotho,1985,210.1560585
Lesotho,1986,208.2608727
Lesotho,1987,202.99493069999997
Lesotho,1988,201.9917398
Lesotho,1989,205.9937237
Lesotho,1990,190.520875
Lesotho,1991,190.5035
Lesotho,1992,193.24862380000002
Lesotho,1993,197.0627095
Lesotho,1994,200.25319019999998
Lesotho,1995,198.52402759999998
Lesotho,1996,199.64078080000002
Lesotho,1997,170.0090459
Lesotho,1998,182.064144
Lesotho,1999,174.59953969999998
Lesotho,2000,190.77977080000002
Lesotho,2001,176.6740743
Lesotho,2002,205.391258
Lesotho,2003,193.01909780000003
Lesotho,2004,174.9641097
Lesotho,2005,172.8914744
Lesotho,2006,146.4820767
Lesotho,2007,142.31985219999999
Lesotho,2008,139.19894580000002
Lesotho,2009,144.6918562
Lesotho,2010,146.4296764
Lesotho,2011,147.2727465
Lesotho,2012,146.75878740000002
Lesotho,2013,146.2074263
Madagascar,1980,184.2267546
Madagascar,1981,187.15124980000002
Madagascar,1982,171.2731368
Madagascar,1983,188.9916165
Madagascar,1984,188.3088946
Madagascar,1985,188.08451269999998
Madagascar,1986,188.377744
Madagascar,1987,180.14134040000002
Madagascar,1988,170.4122001
Madagascar,1989,171.1914073
Madagascar,1990,201.50327140000002
Madagascar,1991,190.6922848
Madagascar,1992,190.611546
Madagascar,1993,190.2231078
Madagascar,1994,189.4677227
Madagascar,1995,184.4024709
Madagascar,1996,180.6833331
Madagascar,1997,181.00776269999997
Madagascar,1998,164.44929040000002
Madagascar,1999,172.3775513
Madagascar,2000,173.90721010000001
Madagascar,2001,171.88801180000002
Madagascar,2002,166.2878842
Madagascar,2003,170.5842281
Madagascar,2004,171.4600927
Madagascar,2005,182.27314109999998
Madagascar,2006,183.0809421
Madagascar,2007,186.0225685
Madagascar,2008,190.51704660000001
Madagascar,2009,189.69567659999998
Madagascar,2010,186.7970892
Madagascar,2011,195.50539009999997
Madagascar,2012,189.8596993
Madagascar,2013,180.8801794
Malawi,1980,183.8124718
Malawi,1981,183.2435051
Malawi,1982,184.94153319999998
Malawi,1983,183.0455436
Malawi,1984,174.96265569999997
Malawi,1985,177.70782260000001
Malawi,1986,169.2951065
Malawi,1987,168.7691677
Malawi,1988,170.483816
Malawi,1989,170.0162554
Malawi,1990,153.70897319999997
Malawi,1991,158.9359803
Malawi,1992,159.9769141
Malawi,1993,177.303774
Malawi,1994,172.5291637
Malawi,1995,183.8207645
Malawi,1996,191.0260932
Malawi,1997,166.2620319
Malawi,1998,205.7718654
Malawi,1999,204.8905415
Malawi,2000,193.9861984
Malawi,2001,206.6527533
Malawi,2002,190.7028786
Malawi,2003,187.2106283
Malawi,2004,168.6363879
Malawi,2005,177.79365249999998
Malawi,2006,190.1645464
Malawi,2007,197.1089189
Malawi,2008,193.80194719999997
Malawi,2009,207.0557199
Malawi,2010,210.6978327
Malawi,2011,205.461043
Malawi,2012,211.2428111
Malawi,2013,211.62964900000003
Mozambique,1980,171.4394083
Mozambique,1981,164.0603625
Mozambique,1982,157.462977
Mozambique,1983,152.51165690000002
Mozambique,1984,164.7064957
Mozambique,1985,177.432024
Mozambique,1986,157.14855219999998
Mozambique,1987,154.5291928
Mozambique,1988,165.2763281
Mozambique,1989,156.60977130000003
Mozambique,1990,178.1212927
Mozambique,1991,157.1353566
Mozambique,1992,160.7449136
Mozambique,1993,156.6239537
Mozambique,1994,154.1705601
Mozambique,1995,164.57030580000003
Mozambique,1996,173.04326919999997
Mozambique,1997,183.48789230000003
Mozambique,1998,187.10634380000002
Mozambique,1999,200.1801933
Mozambique,2000,190.497715
Mozambique,2001,190.9757616
Mozambique,2002,186.4360468
Mozambique,2003,198.1735863
Mozambique,2004,202.1072265
Mozambique,2005,207.78326059999998
Mozambique,2006,207.2171785
Mozambique,2007,193.29792
Mozambique,2008,199.3735198
Mozambique,2009,199.4248107
Mozambique,2010,259.0010929
Mozambique,2011,260.3375105
Mozambique,2012,261.3994263
Mozambique,2013,261.7412992
Swaziland,1980,155.5886993
Swaziland,1981,159.346641
Swaziland,1982,162.71805700000002
Swaziland,1983,162.3768861
Swaziland,1984,165.58985090000002
Swaziland,1985,151.6011434
Swaziland,1986,159.5186653
Swaziland,1987,163.5926877
Swaziland,1988,155.98301930000002
Swaziland,1989,153.0723249
Swaziland,1990,189.8664222
Swaziland,1991,212.02171620000001
Swaziland,1992,183.6286676
Swaziland,1993,173.30927649999998
Swaziland,1994,191.7851775
Swaziland,1995,140.881454
Swaziland,1996,193.9567584
Swaziland,1997,164.2851374
Swaziland,1998,166.43270890000002
Swaziland,1999,165.1892513
Swaziland,2000,164.6369777
Swaziland,2001,162.2676164
Swaziland,2002,165.1455581
Swaziland,2003,160.9511904
Swaziland,2004,163.3834263
Swaziland,2005,161.34501609999998
Swaziland,2006,160.6196962
Swaziland,2007,157.4202664
Swaziland,2008,160.2720139
Swaziland,2009,158.1374149
Swaziland,2010,160.43248359999998
Swaziland,2011,161.8660479
Swaziland,2012,161.3440639
Swaziland,2013,162.4912291
Zambia,1980,213.006102
Zambia,1981,209.94396060000003
Zambia,1982,198.1135014
Zambia,1983,200.6522563
Zambia,1984,199.17400680000003
Zambia,1985,192.38367680000002
Zambia,1986,194.5051782
Zambia,1987,192.8545283
Zambia,1988,195.41540830000002
Zambia,1989,193.7508576
Zambia,1990,198.8352742
Zambia,1991,178.578242
Zambia,1992,169.3620313
Zambia,1993,183.2644424
Zambia,1994,175.2862352
Zambia,1995,169.11066440000002
Zambia,1996,167.3386963
Zambia,1997,161.0985728
Zambia,1998,141.5950138
Zambia,1999,146.4690815
Zambia,2000,134.7645392
Zambia,2001,139.7103535
Zambia,2002,125.95762490000001
Zambia,2003,138.1248194
Zambia,2004,137.3970866
Zambia,2005,135.3692032
Zambia,2006,136.98361409999998
Zambia,2007,137.636198
Zambia,2008,145.8554771
Zambia,2009,146.9706314
Zambia,2010,150.96988259999998
Zambia,2011,152.9324149
Zambia,2012,148.6786633
Zambia,2013,147.0364031
Zimbabwe,1980,195.5093801
Zimbabwe,1981,184.4028589
Zimbabwe,1982,180.0420372
Zimbabwe,1983,173.83422990000003
Zimbabwe,1984,175.0725832
Zimbabwe,1985,166.5540884
Zimbabwe,1986,166.5722153
Zimbabwe,1987,164.4618977
Zimbabwe,1988,161.38032959999998
Zimbabwe,1989,163.1376361
Zimbabwe,1990,191.61645180000002
Zimbabwe,1991,165.2662025
Zimbabwe,1992,156.2486878
Zimbabwe,1993,162.2295808
Zimbabwe,1994,164.8221419
Zimbabwe,1995,159.016292
Zimbabwe,1996,164.4131408
Zimbabwe,1997,155.9710694
Zimbabwe,1998,157.80784780000002
Zimbabwe,1999,154.4135552
Zimbabwe,2000,153.41482150000002
Zimbabwe,2001,153.0328372
Zimbabwe,2002,152.66467690000002
Zimbabwe,2003,154.1861723
Zimbabwe,2004,203.44291850000002
Zimbabwe,2005,155.33529019999997
Zimbabwe,2006,162.03295390000002
Zimbabwe,2007,165.6288055
Zimbabwe,2008,153.7000794
Zimbabwe,2009,141.317483
Zimbabwe,2010,136.9909702
Zimbabwe,2011,139.9333125
Zimbabwe,2012,142.3187969
Zimbabwe,2013,143.2921022
Benin,1980,171.2815983
Benin,1981,161.999291
Benin,1982,158.34137019999997
Benin,1983,151.1474095
Benin,1984,169.240525
Benin,1985,173.43605780000001
Benin,1986,182.9075851
Benin,1987,168.917011
Benin,1988,178.3609145
Benin,1989,201.00373390000001
Benin,1990,192.7838013
Benin,1991,197.0355906
Benin,1992,196.4748888
Benin,1993,192.8081653
Benin,1994,194.77126819999998
Benin,1995,193.99670849999998
Benin,1996,203.8130206
Benin,1997,213.07201890000002
Benin,1998,215.28997880000003
Benin,1999,218.7629579
Benin,2000,224.67363939999998
Benin,2001,229.8157941
Benin,2002,222.19834469999998
Benin,2003,223.8054816
Benin,2004,222.2424997
Benin,2005,218.2229756
Benin,2006,220.8649889
Benin,2007,226.7276251
Benin,2008,230.67225499999998
Benin,2009,235.9082042
Benin,2010,226.4017132
Benin,2011,220.94165389999998
Benin,2012,202.85729619999998
Benin,2013,208.0604724
Burkina Faso,1980,148.4134564
Burkina Faso,1981,134.9799742
Burkina Faso,1982,155.85780069999998
Burkina Faso,1983,144.3819532
Burkina Faso,1984,141.7160613
Burkina Faso,1985,150.0830841
Burkina Faso,1986,183.35018630000002
Burkina Faso,1987,197.62549860000001
Burkina Faso,1988,188.1995304
Burkina Faso,1989,200.6716471
Burkina Faso,1990,184.4478398
Burkina Faso,1991,202.46884530000003
Burkina Faso,1992,211.65740970000002
Burkina Faso,1993,211.86400830000002
Burkina Faso,1994,220.0821676
Burkina Faso,1995,216.8359141
Burkina Faso,1996,213.4121011
Burkina Faso,1997,181.7860907
Burkina Faso,1998,203.7556291
Burkina Faso,1999,199.6696814
Burkina Faso,2000,190.73589330000001
Burkina Faso,2001,212.85163640000002
Burkina Faso,2002,208.48882959999997
Burkina Faso,2003,219.2449212
Burkina Faso,2004,207.8097069
Burkina Faso,2005,211.20554819999998
Burkina Faso,2006,211.6988585
Burkina Faso,2007,195.4553379
Burkina Faso,2008,219.252019
Burkina Faso,2009,207.19542769999998
Burkina Faso,2010,213.3338937
Burkina Faso,2011,200.2292413
Burkina Faso,2012,219.5969747
Burkina Faso,2013,225.05740469999998
Cape Verde,1980,162.6073373
Cape Verde,1981,162.65146719999998
Cape Verde,1982,144.3219986
Cape Verde,1983,163.5946334
Cape Verde,1984,162.5045131
Cape Verde,1985,154.8268319
Cape Verde,1986,168.2460366
Cape Verde,1987,166.85704109999998
Cape Verde,1988,165.6072684
Cape Verde,1989,165.9924154
Cape Verde,1990,264.13482
Cape Verde,1991,247.67305069999998
Cape Verde,1992,255.9114094
Cape Verde,1993,257.1655201
Cape Verde,1994,248.8469567
Cape Verde,1995,251.1525004
Cape Verde,1996,243.37357790000002
Cape Verde,1997,169.37056769999998
Cape Verde,1998,222.13036910000002
Cape Verde,1999,220.2854742
Cape Verde,2000,230.1202832
Cape Verde,2001,216.9073699
Cape Verde,2002,216.5913747
Cape Verde,2003,215.2298219
Cape Verde,2004,203.1071854
Cape Verde,2005,155.7364523
Cape Verde,2006,160.5563731
Cape Verde,2007,173.465654
Cape Verde,2008,171.4380826
Cape Verde,2009,191.41770490000002
Cape Verde,2010,185.14085880000002
Cape Verde,2011,153.2653493
Cape Verde,2012,165.76250369999997
Cape Verde,2013,155.6265883
Chad,1980,132.7076653
Chad,1981,131.6426682
Chad,1982,134.90828009999998
Chad,1983,129.52252109999998
Chad,1984,125.8946149
Chad,1985,145.66080290000002
Chad,1986,131.8538457
Chad,1987,129.83072990000002
Chad,1988,150.06746569999999
Chad,1989,131.4828209
Chad,1990,129.76790929999999
Chad,1991,142.12010690000002
Chad,1992,135.1976585
Chad,1993,130.43402120000002
Chad,1994,140.094147
Chad,1995,144.12115269999998
Chad,1996,145.0889496
Chad,1997,143.88646210000002
Chad,1998,148.4660706
Chad,1999,150.0774792
Chad,2000,142.99216950000002
Chad,2001,140.8142018
Chad,2002,142.1659274
Chad,2003,147.0092644
Chad,2004,146.0047
Chad,2005,143.4352181
Chad,2006,153.37246389999999
Chad,2007,140.1591767
Chad,2008,138.15344430000002
Chad,2009,143.9267753
Chad,2010,151.8280154
Chad,2011,150.1284631
Chad,2012,155.6183564
Chad,2013,152.75886440000002
Céte d'Ivoire,1980,213.57927519999998
Céte d'Ivoire,1981,217.84485640000003
Céte d'Ivoire,1982,215.70729190000003
Céte d'Ivoire,1983,209.1776582
Céte d'Ivoire,1984,208.3307613
Céte d'Ivoire,1985,200.1865345
Céte d'Ivoire,1986,198.39943359999998
Céte d'Ivoire,1987,196.3111934
Céte d'Ivoire,1988,195.37304430000003
Céte d'Ivoire,1989,189.9351224
Céte d'Ivoire,1990,199.1034814
Céte d'Ivoire,1991,196.9721729
Céte d'Ivoire,1992,192.8770544
Céte d'Ivoire,1993,185.97912319999998
Céte d'Ivoire,1994,185.9938909
Céte d'Ivoire,1995,185.0950558
Céte d'Ivoire,1996,199.1609661
Céte d'Ivoire,1997,193.2617112
Céte d'Ivoire,1998,187.9927686
Céte d'Ivoire,1999,192.92085580000003
Céte d'Ivoire,2000,197.3799918
Céte d'Ivoire,2001,198.40233830000003
Céte d'Ivoire,2002,206.89241930000003
Céte d'Ivoire,2003,207.80907030000003
Céte d'Ivoire,2004,209.6232051
Céte d'Ivoire,2005,213.7467204
Céte d'Ivoire,2006,214.7039909
Céte d'Ivoire,2007,218.0864317
Céte d'Ivoire,2008,221.2001702
Céte d'Ivoire,2009,211.7834792
Céte d'Ivoire,2010,213.4310748
Céte d'Ivoire,2011,223.7416886
Céte d'Ivoire,2012,224.56584930000002
Céte d'Ivoire,2013,228.2157606
Gambia,1980,148.68833469999998
Gambia,1981,138.7480096
Gambia,1982,145.1710004
Gambia,1983,144.5534128
Gambia,1984,139.81640990000002
Gambia,1985,166.8569414
Gambia,1986,172.0823709
Gambia,1987,156.2822458
Gambia,1988,159.3165174
Gambia,1989,152.3920455
Gambia,1990,152.49403600000002
Gambia,1991,151.2044095
Gambia,1992,148.845921
Gambia,1993,153.572686
Gambia,1994,151.04924350000002
Gambia,1995,152.41376359999998
Gambia,1996,162.7065231
Gambia,1997,162.926054
Gambia,1998,166.7796524
Gambia,1999,176.24427169999998
Gambia,2000,180.6366408
Gambia,2001,190.15921519999998
Gambia,2002,186.5340015
Gambia,2003,193.3073604
Gambia,2004,203.01341680000002
Gambia,2005,198.86009950000002
Gambia,2006,192.49648269999997
Gambia,2007,187.53741200000002
Gambia,2008,186.80098059999997
Gambia,2009,198.4986303
Gambia,2010,204.6796545
Gambia,2011,178.2427021
Gambia,2012,185.2368774
Gambia,2013,182.1625767
Ghana,1980,120.7447293
Ghana,1981,115.5891904
Ghana,1982,109.79278909999998
Ghana,1983,115.32344769999999
Ghana,1984,128.4912185
Ghana,1985,130.7377325
Ghana,1986,138.199497
Ghana,1987,146.577906
Ghana,1988,141.786767
Ghana,1989,147.6902378
Ghana,1990,154.7433199
Ghana,1991,194.66932230000003
Ghana,1992,194.7974993
Ghana,1993,206.4214784
Ghana,1994,211.02531380000002
Ghana,1995,215.32216929999998
Ghana,1996,235.79549989999998
Ghana,1997,237.6301938
Ghana,1998,236.14873340000003
Ghana,1999,234.1634772
Ghana,2000,234.73619559999997
Ghana,2001,239.43760890000001
Ghana,2002,239.95064920000002
Ghana,2003,239.52455519999998
Ghana,2004,233.5873756
Ghana,2005,235.9238116
Ghana,2006,230.28285559999998
Ghana,2007,223.8371488
Ghana,2008,231.8024391
Ghana,2009,236.5974456
Ghana,2010,255.35331549999998
Ghana,2011,261.4548726
Ghana,2012,271.4103647
Ghana,2013,268.37043969999996
Guinea,1980,159.80384569999998
Guinea,1981,170.7018753
Guinea,1982,163.9501767
Guinea,1983,163.258465
Guinea,1984,174.4165917
Guinea,1985,172.0213644
Guinea,1986,177.2156846
Guinea,1987,178.97410630000002
Guinea,1988,193.5360225
Guinea,1989,184.4282985
Guinea,1990,157.08239030000001
Guinea,1991,154.52001380000002
Guinea,1992,145.40392319999998
Guinea,1993,143.8941278
Guinea,1994,142.2083738
Guinea,1995,140.4499584
Guinea,1996,139.5163126
Guinea,1997,156.8331232
Guinea,1998,187.30354419999998
Guinea,1999,197.7316944
Guinea,2000,218.6173924
Guinea,2001,222.4093349
Guinea,2002,229.1820514
Guinea,2003,232.50697889999998
Guinea,2004,238.328633
Guinea,2005,241.8423579
Guinea,2006,239.4567528
Guinea,2007,240.4439051
Guinea,2008,244.2708412
Guinea,2009,243.6494776
Guinea,2010,241.80029330000002
Guinea,2011,235.9116404
Guinea,2012,239.325146
Guinea,2013,236.97134309999998
Guinea-Bissau,1980,143.6472657
Guinea-Bissau,1981,158.8057716
Guinea-Bissau,1982,158.42995080000003
Guinea-Bissau,1983,159.34186200000002
Guinea-Bissau,1984,159.4675579
Guinea-Bissau,1985,164.9927783
Guinea-Bissau,1986,153.4070838
Guinea-Bissau,1987,164.41008200000002
Guinea-Bissau,1988,163.7349241
Guinea-Bissau,1989,158.28305480000003
Guinea-Bissau,1990,177.7758382
Guinea-Bissau,1991,181.34119130000002
Guinea-Bissau,1992,178.1294186
Guinea-Bissau,1993,182.5284159
Guinea-Bissau,1994,181.17862730000002
Guinea-Bissau,1995,180.1875023
Guinea-Bissau,1996,187.1045625
Guinea-Bissau,1997,186.7527144
Guinea-Bissau,1998,180.83598940000002
Guinea-Bissau,1999,183.2581827
Guinea-Bissau,2000,177.1879209
Guinea-Bissau,2001,183.4923982
Guinea-Bissau,2002,187.1994892
Guinea-Bissau,2003,184.1494989
Guinea-Bissau,2004,193.5234864
Guinea-Bissau,2005,203.9034552
Guinea-Bissau,2006,212.32299819999997
Guinea-Bissau,2007,199.0641573
Guinea-Bissau,2008,188.7005206
Guinea-Bissau,2009,200.3517987
Guinea-Bissau,2010,221.77981680000002
Guinea-Bissau,2011,222.89822009999997
Guinea-Bissau,2012,225.7203031
Guinea-Bissau,2013,229.50067830000003
Liberia,1980,177.65821259999998
Liberia,1981,184.07444099999998
Liberia,1982,184.9221437
Liberia,1983,169.244949
Liberia,1984,165.6230668
Liberia,1985,165.9272175
Liberia,1986,174.8116061
Liberia,1987,178.38388940000002
Liberia,1988,191.259963
Liberia,1989,197.796644
Liberia,1990,180.8181608
Liberia,1991,136.5838512
Liberia,1992,139.07598069999997
Liberia,1993,142.4124496
Liberia,1994,116.0536713
Liberia,1995,149.9112364
Liberia,1996,133.9619906
Liberia,1997,133.87381499999998
Liberia,1998,151.4688689
Liberia,1999,160.1141379
Liberia,2000,141.86957719999998
Liberia,2001,148.88531799999998
Liberia,2002,152.58650880000002
Liberia,2003,157.54168159999998
Liberia,2004,159.86686630000003
Liberia,2005,166.9949112
Liberia,2006,156.540773
Liberia,2007,175.0228013
Liberia,2008,171.6916459
Liberia,2009,164.4180124
Liberia,2010,167.9311065
Liberia,2011,163.8220109
Liberia,2012,161.7557611
Liberia,2013,163.0821335
Mali,1980,119.0299469
Mali,1981,115.28788370000001
Mali,1982,138.8801788
Mali,1983,140.8966237
Mali,1984,147.57387649999998
Mali,1985,171.4752673
Mali,1986,177.6620278
Mali,1987,184.0291789
Mali,1988,188.1379044
Mali,1989,186.1144006
Mali,1990,204.67466919999998
Mali,1991,208.22807219999999
Mali,1992,183.6664267
Mali,1993,187.26999550000002
Mali,1994,192.91407519999998
Mali,1995,193.5159785
Mali,1996,191.62328689999998
Mali,1997,180.0836411
Mali,1998,193.8564763
Mali,1999,199.3353333
Mali,2000,185.8784683
Mali,2001,182.04594269999998
Mali,2002,184.89240990000002
Mali,2003,195.4668782
Mali,2004,193.08097180000001
Mali,2005,198.66367069999998
Mali,2006,201.8753835
Mali,2007,207.9298762
Mali,2008,221.18943680000004
Mali,2009,250.4861804
Mali,2010,264.1283368
Mali,2011,255.1106122
Mali,2012,287.90376000000003
Mali,2013,261.0785042
Mauritania,1980,126.4021139
Mauritania,1981,123.696926
Mauritania,1982,128.3564507
Mauritania,1983,154.46903319999998
Mauritania,1984,157.06726609999998
Mauritania,1985,163.68553789999999
Mauritania,1986,158.89447080000002
Mauritania,1987,158.075445
Mauritania,1988,160.1191016
Mauritania,1989,164.6672731
Mauritania,1990,138.8536416
Mauritania,1991,148.79575649999998
Mauritania,1992,149.83927769999997
Mauritania,1993,159.5849254
Mauritania,1994,148.4976482
Mauritania,1995,151.48199430000003
Mauritania,1996,144.2978331
Mauritania,1997,142.99275459999998
Mauritania,1998,142.0366445
Mauritania,1999,151.0967099
Mauritania,2000,156.7851483
Mauritania,2001,159.3490711
Mauritania,2002,159.2941022
Mauritania,2003,149.3532323
Mauritania,2004,144.12863959999999
Mauritania,2005,177.12087319999998
Mauritania,2006,131.5923869
Mauritania,2007,153.28820980000003
Mauritania,2008,163.19699340000003
Mauritania,2009,169.1516238
Mauritania,2010,161.07789430000003
Mauritania,2011,141.34248
Mauritania,2012,146.1622955
Mauritania,2013,150.2341622
Niger,1980,212.20569509999999
Niger,1981,211.6127983
Niger,1982,214.5036617
Niger,1983,216.1781079
Niger,1984,214.53671490000002
Niger,1985,219.6421155
Niger,1986,211.2714316
Niger,1987,209.84387599999997
Niger,1988,222.4188039
Niger,1989,219.5662003
Niger,1990,231.1657858
Niger,1991,240.38952650000002
Niger,1992,250.85547000000003
Niger,1993,224.9133695
Niger,1994,240.2761623
Niger,1995,233.7992739
Niger,1996,227.84006459999998
Niger,1997,188.72655469999998
Niger,1998,245.35247630000003
Niger,1999,236.293671
Niger,2000,205.6655934
Niger,2001,244.0831936
Niger,2002,243.83326290000002
Niger,2003,243.4390597
Niger,2004,211.5699602
Niger,2005,248.24308309999998
Niger,2006,252.37674219999997
Niger,2007,221.747719
Niger,2008,263.31783360000003
Niger,2009,235.65380430000002
Niger,2010,263.5458753
Niger,2011,242.2627351
Niger,2012,257.9578617
Niger,2013,247.69533769999998
Nigeria,1980,123.63949050000001
Nigeria,1981,125.57701940000001
Nigeria,1982,125.4453409
Nigeria,1983,114.1411466
Nigeria,1984,128.3563253
Nigeria,1985,140.4409211
Nigeria,1986,151.72906369999998
Nigeria,1987,148.7389424
Nigeria,1988,155.3892963
Nigeria,1989,158.7817179
Nigeria,1990,191.0127116
Nigeria,1991,201.42123859999998
Nigeria,1992,215.9937379
Nigeria,1993,221.92587519999998
Nigeria,1994,224.52128959999996
Nigeria,1995,235.05730150000002
Nigeria,1996,225.5003345
Nigeria,1997,227.2521611
Nigeria,1998,227.8882903
Nigeria,1999,223.20104469999998
Nigeria,2000,213.2451437
Nigeria,2001,211.26660959999998
Nigeria,2002,173.3659562
Nigeria,2003,178.38152340000002
Nigeria,2004,190.06537930000002
Nigeria,2005,177.43899069999998
Nigeria,2006,185.3972512
Nigeria,2007,182.577109
Nigeria,2008,181.5321293
Nigeria,2009,178.6283267
Nigeria,2010,196.6670285
Nigeria,2011,219.68594109999998
Nigeria,2012,214.51488999999998
Nigeria,2013,219.53722830000004
Senegal,1980,187.60997959999997
Senegal,1981,186.7053993
Senegal,1982,187.13711630000003
Senegal,1983,183.5022262
Senegal,1984,187.3541908
Senegal,1985,199.70926699999998
Senegal,1986,190.20586519999998
Senegal,1987,184.1416352
Senegal,1988,184.500124
Senegal,1989,186.3806831
Senegal,1990,193.4724531
Senegal,1991,195.5408196
Senegal,1992,194.0521999
Senegal,1993,188.51041709999998
Senegal,1994,189.94639980000002
Senegal,1995,195.0531368
Senegal,1996,175.6877131
Senegal,1997,167.2908145
Senegal,1998,157.1801354
Senegal,1999,167.078118
Senegal,2000,188.13740430000001
Senegal,2001,200.4509491
Senegal,2002,188.1384236
Senegal,2003,195.1753215
Senegal,2004,184.1935891
Senegal,2005,195.9012939
Senegal,2006,192.6133947
Senegal,2007,175.9952264
Senegal,2008,204.4631859
Senegal,2009,213.04702709999998
Senegal,2010,200.4350585
Senegal,2011,190.16623230000002
Senegal,2012,202.1776949
Senegal,2013,195.16751499999998
Sierra Leone,1980,132.8828533
Sierra Leone,1981,132.2588238
Sierra Leone,1982,132.1158051
Sierra Leone,1983,125.94393390000002
Sierra Leone,1984,124.2680322
Sierra Leone,1985,126.22962720000001
Sierra Leone,1986,126.303734
Sierra Leone,1987,127.32401609999998
Sierra Leone,1988,125.39105459999999
Sierra Leone,1989,128.09715409999998
Sierra Leone,1990,131.6250701
Sierra Leone,1991,132.1309072
Sierra Leone,1992,134.887831
Sierra Leone,1993,139.6980138
Sierra Leone,1994,166.9181354
Sierra Leone,1995,158.1655454
Sierra Leone,1996,165.4817293
Sierra Leone,1997,140.5563892
Sierra Leone,1998,113.1129344
Sierra Leone,1999,95.724131
Sierra Leone,2000,97.52220297
Sierra Leone,2001,117.5405416
Sierra Leone,2002,121.16896440000001
Sierra Leone,2003,122.09532949999999
Sierra Leone,2004,123.8163879
Sierra Leone,2005,120.8135638
Sierra Leone,2006,119.28089409999998
Sierra Leone,2007,122.5562364
Sierra Leone,2008,132.712314
Sierra Leone,2009,143.006493
Sierra Leone,2010,143.3948869
Sierra Leone,2011,146.5813816
Sierra Leone,2012,147.83345880000002
Sierra Leone,2013,148.11444640000002
Togo,1980,198.3950345
Togo,1981,195.1351639
Togo,1982,181.0333168
Togo,1983,177.6092157
Togo,1984,174.51802469999998
Togo,1985,193.7688001
Togo,1986,173.9962173
Togo,1987,162.59531669999998
Togo,1988,179.30403619999998
Togo,1989,183.1512519
Togo,1990,196.6912142
Togo,1991,181.0931873
Togo,1992,167.6672942
Togo,1993,181.47448669999997
Togo,1994,175.61219219999998
Togo,1995,176.8190045
Togo,1996,197.2470957
Togo,1997,206.9029108
Togo,1998,197.6442866
Togo,1999,196.8485029
Togo,2000,196.3386801
Togo,2001,193.81978610000002
Togo,2002,195.21096169999998
Togo,2003,195.1483369
Togo,2004,198.464677
Togo,2005,195.72398909999998
Togo,2006,194.1673119
Togo,2007,192.4814689
Togo,2008,195.6168753
Togo,2009,209.20753330000002
Togo,2010,218.58406859999997
Togo,2011,228.12303369999998
Togo,2012,240.461575
Togo,2013,241.84762290000003
Namibia,1980,156.78230569999997
Namibia,1981,161.4130315
Namibia,1982,161.05950090000002
Namibia,1983,160.98710480000003
Namibia,1984,159.5950999
Namibia,1985,151.5555676
Namibia,1986,149.70574530000002
Namibia,1987,160.68787680000003
Namibia,1988,158.0849055
Namibia,1989,150.34645659999998
Namibia,1990,143.0972609
Namibia,1991,137.0729646
Namibia,1992,152.2112812
Namibia,1993,150.12259519999998
Namibia,1994,151.94939480000002
Namibia,1995,148.6959034
Namibia,1996,155.1450819
Namibia,1997,172.7887451
Namibia,1998,160.7234108
Namibia,1999,165.53490290000002
Namibia,2000,169.59095119999998
Namibia,2001,166.89165500000001
Namibia,2002,170.5383758
Namibia,2003,173.5622743
Namibia,2004,178.9563928
Namibia,2005,180.0475989
Namibia,2006,182.8841233
Namibia,2007,181.979736
Namibia,2008,174.8781795
Namibia,2009,164.35611780000002
Namibia,2010,172.0263575
Namibia,2011,174.343928
Namibia,2012,175.1822534
Namibia,2013,175.8480924
Congo,1980,173.95737350000002
Congo,1981,171.01799240000003
Congo,1982,174.9211916
Congo,1983,164.76259960000002
Congo,1984,160.0866263
Congo,1985,164.0521946
Congo,1986,166.28405800000002
Congo,1987,169.0800045
Congo,1988,167.6176186
Congo,1989,169.1877188
Congo,1990,162.0728842
Congo,1991,135.51151140000002
Congo,1992,132.46496670000002
Congo,1993,143.0055927
Congo,1994,148.6422074
Congo,1995,145.7108836
Congo,1996,158.7262844
Congo,1997,172.2860437
Congo,1998,163.9476653
Congo,1999,165.9399686
Congo,2000,172.76147590000002
Congo,2001,171.53071609999998
Congo,2002,171.5844496
Congo,2003,175.1307119
Congo,2004,177.62061519999997
Congo,2005,180.4591427
Congo,2006,181.9748761
Congo,2007,178.7626686
Congo,2008,179.0126204
Congo,2009,182.9175441
Congo,2010,174.78196640000002
Congo,2011,169.4723834
Congo,2012,171.1738455
Congo,2013,170.53745890000002
Bangladesh,1980,181.7075406
Bangladesh,1981,177.9651706
Bangladesh,1982,181.0507265
Bangladesh,1983,183.50701730000003
Bangladesh,1984,182.0140869
Bangladesh,1985,185.74783630000002
Bangladesh,1986,183.0122006
Bangladesh,1987,189.15909
Bangladesh,1988,186.2115612
Bangladesh,1989,184.375251
Bangladesh,1990,167.4263002
Bangladesh,1991,167.93442009999998
Bangladesh,1992,168.4096362
Bangladesh,1993,168.0160762
Bangladesh,1994,169.5226066
Bangladesh,1995,169.63677969999998
Bangladesh,1996,167.4982773
Bangladesh,1997,166.44064790000002
Bangladesh,1998,169.6606793
Bangladesh,1999,175.9177469
Bangladesh,2000,178.6481274
Bangladesh,2001,183.6001893
Bangladesh,2002,185.44969719999997
Bangladesh,2003,186.18596719999996
Bangladesh,2004,187.12903889999998
Bangladesh,2005,190.2939049
Bangladesh,2006,191.403653
Bangladesh,2007,190.9801873
Bangladesh,2008,194.8773967
Bangladesh,2009,196.42080090000002
Bangladesh,2010,202.6170998
Bangladesh,2011,204.71094159999998
Bangladesh,2012,207.0444443
Bangladesh,2013,207.2269699
India,1980,147.72514230000002
India,1981,151.20932580000002
India,1982,147.0324668
India,1983,163.429679
India,1984,158.0265685
India,1985,151.9409368
India,1986,153.7450473
India,1987,158.6596758
India,1988,168.375269
India,1989,173.1794802
India,1990,158.04753119999998
India,1991,159.33127030000003
India,1992,160.22305380000003
India,1993,161.3497411
India,1994,161.1011781
India,1995,159.96667580000002
India,1996,160.8120948
India,1997,160.1294416
India,1998,159.42590980000003
India,1999,159.5961048
India,2000,161.40464980000002
India,2001,163.21824630000003
India,2002,160.05976090000001
India,2003,160.9244525
India,2004,159.6721201
India,2005,158.1878374
India,2006,158.3507118
India,2007,159.11077759999998
India,2008,159.3611981
India,2009,156.79549719999997
India,2010,158.44508080000003
India,2011,158.8791418
India,2012,160.1005917
India,2013,162.6724879
Indonesia,1980,176.14369419999997
Indonesia,1981,176.8421156
Indonesia,1982,175.9013859
Indonesia,1983,183.014474
Indonesia,1984,183.6228878
Indonesia,1985,184.69444040000002
Indonesia,1986,187.8697988
Indonesia,1987,190.1793003
Indonesia,1988,198.48263280000003
Indonesia,1989,197.7824385
Indonesia,1990,197.4315975
Indonesia,1991,199.4216878
Indonesia,1992,204.3744719
Indonesia,1993,205.5531701
Indonesia,1994,206.1856989
Indonesia,1995,208.6732271
Indonesia,1996,211.3087909
Indonesia,1997,209.5616783
Indonesia,1998,209.5733507
Indonesia,1999,210.58179469999996
Indonesia,2000,209.0029058
Indonesia,2001,206.1302604
Indonesia,2002,205.40353149999999
Indonesia,2003,209.1627261
Indonesia,2004,209.5132895
Indonesia,2005,210.2067208
Indonesia,2006,210.70625040000002
Indonesia,2007,213.2619716
Indonesia,2008,215.09373340000002
Indonesia,2009,218.0351476
Indonesia,2010,225.22331040000003
Indonesia,2011,229.4652175
Indonesia,2012,232.27725389999998
Indonesia,2013,232.7417452
North Korea,1980,166.021867
North Korea,1981,175.8453476
North Korea,1982,145.57057690000002
North Korea,1983,143.69900090000002
North Korea,1984,144.0556685
North Korea,1985,145.34519440000003
North Korea,1986,153.67664299999998
North Korea,1987,151.663722
North Korea,1988,147.7939294
North Korea,1989,154.987507
North Korea,1990,207.3706561
North Korea,1991,210.45733399999997
North Korea,1992,206.9162784
North Korea,1993,199.3076354
North Korea,1994,198.83641799999998
North Korea,1995,171.0788338
North Korea,1996,161.07551940000002
North Korea,1997,164.8236655
North Korea,1998,148.92487169999998
North Korea,1999,163.17514680000002
North Korea,2000,163.601314
North Korea,2001,169.84606530000002
North Korea,2002,167.8504124
North Korea,2003,168.9894959
North Korea,2004,169.3551631
North Korea,2005,164.5565603
North Korea,2006,163.9918198
North Korea,2007,144.5917566
North Korea,2008,159.7035716
North Korea,2009,158.4558727
North Korea,2010,158.4155577
North Korea,2011,173.5770767
North Korea,2012,160.505598
North Korea,2013,171.39937749999999
Nepal,1980,151.9327073
Nepal,1981,152.19145
Nepal,1982,147.8741338
Nepal,1983,161.4585075
Nepal,1984,165.309304
Nepal,1985,162.36431000000002
Nepal,1986,155.64761130000002
Nepal,1987,171.4046014
Nepal,1988,187.2108335
Nepal,1989,193.8630095
Nepal,1990,184.16696130000003
Nepal,1991,181.86168490000003
Nepal,1992,179.61301890000001
Nepal,1993,174.61822659999999
Nepal,1994,181.8765654
Nepal,1995,183.264063
Nepal,1996,183.9559526
Nepal,1997,187.3083016
Nepal,1998,187.0398677
Nepal,1999,204.4763722
Nepal,2000,186.51184819999997
Nepal,2001,187.2488513
Nepal,2002,187.10312109999998
Nepal,2003,188.0867385
Nepal,2004,187.81559719999998
Nepal,2005,190.1200026
Nepal,2006,192.7044565
Nepal,2007,193.3342237
Nepal,2008,193.86207240000002
Nepal,2009,196.7365591
Nepal,2010,198.3578512
Nepal,2011,199.7354541
Nepal,2012,202.03961189999998
Nepal,2013,202.78497959999999
Pakistan,1980,147.2717692
Pakistan,1981,142.640553
Pakistan,1982,146.7621636
Pakistan,1983,146.6734908
Pakistan,1984,147.0384301
Pakistan,1985,144.2962204
Pakistan,1986,139.24746919999998
Pakistan,1987,139.6916467
Pakistan,1988,135.7581419
Pakistan,1989,153.5482498
Pakistan,1990,154.3674869
Pakistan,1991,155.742671
Pakistan,1992,152.2701585
Pakistan,1993,154.660741
Pakistan,1994,156.42536930000003
Pakistan,1995,158.0843719
Pakistan,1996,156.2833709
Pakistan,1997,155.65672659999998
Pakistan,1998,156.8049355
Pakistan,1999,150.62614319999997
Pakistan,2000,149.2784895
Pakistan,2001,148.7348266
Pakistan,2002,148.0068305
Pakistan,2003,148.64898780000001
Pakistan,2004,141.58272390000002
Pakistan,2005,142.3344279
Pakistan,2006,144.9101001
Pakistan,2007,146.7027196
Pakistan,2008,148.70522150000002
Pakistan,2009,152.32001110000002
Pakistan,2010,149.9408735
Pakistan,2011,160.58659980000002
Pakistan,2012,159.6930168
Pakistan,2013,159.89871330000003
Philippines,1980,155.0381601
Philippines,1981,152.90429509999998
Philippines,1982,154.2281288
Philippines,1983,133.82594
Philippines,1984,144.71837490000001
Philippines,1985,143.7044558
Philippines,1986,147.7805825
Philippines,1987,140.04549219999998
Philippines,1988,146.09788419999998
Philippines,1989,149.0805018
Philippines,1990,151.57395449999999
Philippines,1991,150.1548203
Philippines,1992,156.72724019999998
Philippines,1993,153.84510690000002
Philippines,1994,146.41297580000003
Philippines,1995,153.4989559
Philippines,1996,153.6207345
Philippines,1997,154.8657293
Philippines,1998,150.33300580000002
Philippines,1999,156.28764919999998
Philippines,2000,154.87610980000002
Philippines,2001,154.5168334
Philippines,2002,148.8488791
Philippines,2003,153.26754630000002
Philippines,2004,158.7542205
Philippines,2005,161.23114840000002
Philippines,2006,161.4676123
Philippines,2007,166.4838534
Philippines,2008,168.9407561
Philippines,2009,168.2021471
Philippines,2010,168.4272373
Philippines,2011,170.536374
Philippines,2012,169.43381619999997
Philippines,2013,169.9855809
Sri Lanka,1980,143.2292382
Sri Lanka,1981,150.35433319999999
Sri Lanka,1982,160.24001619999999
Sri Lanka,1983,159.130833
Sri Lanka,1984,155.4830966
Sri Lanka,1985,155.4505255
Sri Lanka,1986,150.8531505
Sri Lanka,1987,155.56934180000002
Sri Lanka,1988,155.0738749
Sri Lanka,1989,149.56644880000002
Sri Lanka,1990,151.8801939
Sri Lanka,1991,150.0397279
Sri Lanka,1992,152.74035859999998
Sri Lanka,1993,153.6047314
Sri Lanka,1994,155.31990249999998
Sri Lanka,1995,157.18571430000003
Sri Lanka,1996,154.66444199999998
Sri Lanka,1997,156.9088872
Sri Lanka,1998,159.0580842
Sri Lanka,1999,160.3777151
Sri Lanka,2000,161.105794
Sri Lanka,2001,159.6079928
Sri Lanka,2002,160.69704819999998
Sri Lanka,2003,164.1930947
Sri Lanka,2004,163.7219075
Sri Lanka,2005,163.3081871
Sri Lanka,2006,165.5298494
Sri Lanka,2007,167.17669840000002
Sri Lanka,2008,169.41962949999999
Sri Lanka,2009,173.4753013
Sri Lanka,2010,177.3313226
Sri Lanka,2011,177.5939284
Sri Lanka,2012,177.88500990000003
Sri Lanka,2013,170.25910019999998
Vietnam,1980,168.5760626
Vietnam,1981,174.39103930000002
Vietnam,1982,164.3912379
Vietnam,1983,165.18320219999998
Vietnam,1984,167.9096713
Vietnam,1985,165.9570358
Vietnam,1986,170.6800931
Vietnam,1987,162.1506832
Vietnam,1988,165.4249003
Vietnam,1989,161.50153459999999
Vietnam,1990,171.92182749999998
Vietnam,1991,172.21279630000004
Vietnam,1992,175.16547309999999
Vietnam,1993,175.08982460000001
Vietnam,1994,179.4034574
Vietnam,1995,180.7794256
Vietnam,1996,179.47356169999998
Vietnam,1997,179.37584109999997
Vietnam,1998,181.3833726
Vietnam,1999,188.2824524
Vietnam,2000,192.5734645
Vietnam,2001,199.5375135
Vietnam,2002,204.1489791
Vietnam,2003,204.7528922
Vietnam,2004,205.37698980000002
Vietnam,2005,209.0096921
Vietnam,2006,210.0962368
Vietnam,2007,210.23548870000002
Vietnam,2008,210.72739040000002
Vietnam,2009,210.73083430000003
Vietnam,2010,211.3658986
Vietnam,2011,215.8563506
Vietnam,2012,218.2735
Vietnam,2013,220.2280539
Cambodia,1980,161.8789725
Cambodia,1981,169.358347
Cambodia,1982,167.337539
Cambodia,1983,169.549124
Cambodia,1984,166.02566519999996
Cambodia,1985,155.96669619999997
Cambodia,1986,153.865203
Cambodia,1987,163.5636143
Cambodia,1988,165.5275046
Cambodia,1989,159.5468991
Cambodia,1990,149.7599075
Cambodia,1991,145.7730263
Cambodia,1992,157.08828359999998
Cambodia,1993,151.9708013
Cambodia,1994,153.42568319999998
Cambodia,1995,163.51029619999997
Cambodia,1996,159.4928751
Cambodia,1997,167.4029605
Cambodia,1998,165.50360869999997
Cambodia,1999,167.9868147
Cambodia,2000,169.5147833
Cambodia,2001,171.0064368
Cambodia,2002,174.26011069999998
Cambodia,2003,184.2141239
Cambodia,2004,186.36860330000002
Cambodia,2005,191.7051679
Cambodia,2006,193.5600014
Cambodia,2007,195.57127769999997
Cambodia,2008,200.0257005
Cambodia,2009,206.6635453
Cambodia,2010,225.29640240000003
Cambodia,2011,231.61280840000003
Cambodia,2012,235.26628540000002
Cambodia,2013,235.9665781
Laos,1980,190.5495256
Laos,1981,188.13800580000003
Laos,1982,190.4281338
Laos,1983,186.8057669
Laos,1984,182.15241569999998
Laos,1985,186.49566430000002
Laos,1986,187.35907450000002
Laos,1987,189.9791631
Laos,1988,184.71210390000002
Laos,1989,185.34319490000001
Laos,1990,219.9583231
Laos,1991,209.3978054
Laos,1992,194.9016275
Laos,1993,191.5773914
Laos,1994,188.34085919999998
Laos,1995,195.03522009999998
Laos,1996,195.33826430000002
Laos,1997,197.1131515
Laos,1998,198.58692480000002
Laos,1999,196.9389894
Laos,2000,195.5794581
Laos,2001,196.22539440000003
Laos,2002,195.7310727
Laos,2003,203.4880717
Laos,2004,207.9076
Laos,2005,216.42581230000002
Laos,2006,217.9974103
Laos,2007,221.1020478
Laos,2008,225.75272489999998
Laos,2009,228.76987119999998
Laos,2010,235.8875429
Laos,2011,250.11656180000003
Laos,2012,261.79767730000003
Laos,2013,262.2115793
Mongolia,1980,148.353776
Mongolia,1981,150.9400305
Mongolia,1982,152.6030956
Mongolia,1983,162.03805549999998
Mongolia,1984,159.2490731
Mongolia,1985,150.7689112
Mongolia,1986,153.4388965
Mongolia,1987,149.46398090000002
Mongolia,1988,154.68571310000002
Mongolia,1989,147.9046998
Mongolia,1990,146.1271545
Mongolia,1991,144.74825890000002
Mongolia,1992,142.4530061
Mongolia,1993,140.1540891
Mongolia,1994,142.98334640000002
Mongolia,1995,130.24900259999998
Mongolia,1996,129.5569257
Mongolia,1997,134.3939264
Mongolia,1998,137.8387492
Mongolia,1999,159.5926437
Mongolia,2000,141.07146719999997
Mongolia,2001,144.7292227
Mongolia,2002,141.7090345
Mongolia,2003,148.7263283
Mongolia,2004,145.1366748
Mongolia,2005,144.69009419999998
Mongolia,2006,149.4740555
Mongolia,2007,156.28053219999998
Mongolia,2008,156.079776
Mongolia,2009,158.2976119
Mongolia,2010,155.7300302
Mongolia,2011,162.26883519999998
Mongolia,2012,164.77605469999997
Mongolia,2013,163.1439897
Yemen,1980,156.4123056
Yemen,1981,157.2781315
Yemen,1982,160.2891245
Yemen,1983,168.8593532
Yemen,1984,161.444412
Yemen,1985,159.2611626
Yemen,1986,169.64058630000002
Yemen,1987,168.4752248
Yemen,1988,175.0043798
Yemen,1989,174.2612478
Yemen,1990,154.4581938
Yemen,1991,159.9144967
Yemen,1992,161.81014409999997
Yemen,1993,161.3999114
Yemen,1994,162.781518
Yemen,1995,163.68208
Yemen,1996,153.6021489
Yemen,1997,157.5225405
Yemen,1998,157.1146504
Yemen,1999,158.10682309999999
Yemen,2000,159.363451
Yemen,2001,163.0284861
Yemen,2002,157.32215730000001
Yemen,2003,153.33606569999998
Yemen,2004,149.413426
Yemen,2005,153.2213476
Yemen,2006,167.52178769999998
Yemen,2007,160.73055580000002
Yemen,2008,159.14041909999997
Yemen,2009,157.56881059999998
Yemen,2010,159.9203974
Yemen,2011,158.2334909
Yemen,2012,161.1594278
Yemen,2013,153.9117111
Armenia,1992,151.46832659999998
Armenia,1993,165.95873630000003
Armenia,1994,172.5800571
Armenia,1995,159.6744962
Armenia,1996,162.22090500000002
Armenia,1997,163.6808302
Armenia,1998,160.23679819999998
Armenia,1999,163.1572321
Armenia,2000,158.80757549999998
Armenia,2001,163.6709844
Armenia,2002,159.56077280000002
Armenia,2003,151.9709861
Armenia,2004,182.96675969999998
Armenia,2005,181.6790688
Armenia,2006,177.9790846
Armenia,2007,167.7871805
Armenia,2008,167.11854419999997
Armenia,2009,169.82374860000002
Armenia,2010,159.63501630000002
Armenia,2011,165.1361317
Armenia,2012,173.20564219999997
Armenia,2013,172.7618563
Azerbaijan,1992,159.46078569999997
Azerbaijan,1993,152.5518572
Azerbaijan,1994,146.7441584
Azerbaijan,1995,154.55518840000002
Azerbaijan,1996,157.6721178
Azerbaijan,1997,162.5736323
Azerbaijan,1998,165.7143392
Azerbaijan,1999,167.9810893
Azerbaijan,2000,169.8508632
Azerbaijan,2001,172.0743929
Azerbaijan,2002,173.2710926
Azerbaijan,2003,174.1271667
Azerbaijan,2004,175.4802965
Azerbaijan,2005,175.1304507
Azerbaijan,2006,170.6268903
Azerbaijan,2007,171.1160719
Azerbaijan,2008,169.68284619999997
Azerbaijan,2009,170.2182458
Azerbaijan,2010,167.5523248
Azerbaijan,2011,168.50441730000003
Azerbaijan,2012,171.5501252
Azerbaijan,2013,173.42449219999997
Georgia,1992,157.1171005
Georgia,1993,165.0561144
Georgia,1994,157.52631609999997
Georgia,1995,168.1390036
Georgia,1996,173.24244040000002
Georgia,1997,216.95536090000002
Georgia,1998,206.1731895
Georgia,1999,214.5631238
Georgia,2000,193.94676
Georgia,2001,196.2938459
Georgia,2002,208.3807767
Georgia,2003,215.1596591
Georgia,2004,203.44721069999997
Georgia,2005,204.9993388
Georgia,2006,192.4546636
Georgia,2007,197.360924
Georgia,2008,197.1424774
Georgia,2009,196.7811949
Georgia,2010,196.3288844
Georgia,2011,199.5261361
Georgia,2012,201.8595388
Georgia,2013,203.7088247
Kyrgyzstan,1992,160.2315667
Kyrgyzstan,1993,156.0106226
Kyrgyzstan,1994,152.47070630000002
Kyrgyzstan,1995,161.79551730000003
Kyrgyzstan,1996,162.7860708
Kyrgyzstan,1997,175.1142643
Kyrgyzstan,1998,172.0283004
Kyrgyzstan,1999,172.99967519999998
Kyrgyzstan,2000,176.45928830000003
Kyrgyzstan,2001,178.84661719999997
Kyrgyzstan,2002,181.5205834
Kyrgyzstan,2003,184.8678412
Kyrgyzstan,2004,186.55705880000002
Kyrgyzstan,2005,185.7580889
Kyrgyzstan,2006,173.05517959999997
Kyrgyzstan,2007,181.46327130000003
Kyrgyzstan,2008,188.7329618
Kyrgyzstan,2009,191.505991
Kyrgyzstan,2010,189.75040719999998
Kyrgyzstan,2011,193.26348869999998
Kyrgyzstan,2012,191.5090821
Kyrgyzstan,2013,192.5046809
Tajikistan,1992,162.4346829
Tajikistan,1993,127.7281219
Tajikistan,1994,112.9759909
Tajikistan,1995,107.13552659999998
Tajikistan,1996,117.08705570000001
Tajikistan,1997,130.27498980000001
Tajikistan,1998,132.56996329999998
Tajikistan,1999,135.67084609999998
Tajikistan,2000,136.47654519999998
Tajikistan,2001,138.5396135
Tajikistan,2002,145.7443731
Tajikistan,2003,146.9259858
Tajikistan,2004,147.4394132
Tajikistan,2005,146.1134325
Tajikistan,2006,186.95433290000003
Tajikistan,2007,211.12039130000002
Tajikistan,2008,212.64333849999997
Tajikistan,2009,217.7783023
Tajikistan,2010,214.12784130000003
Tajikistan,2011,224.57969350000002
Tajikistan,2012,229.54303140000002
Tajikistan,2013,229.38289550000002
Turkmenistan,1992,170.7456852
Turkmenistan,1993,175.57234730000002
Turkmenistan,1994,171.4089751
Turkmenistan,1995,158.90089469999998
Turkmenistan,1996,145.8631001
Turkmenistan,1997,143.4317314
Turkmenistan,1998,144.8946479
Turkmenistan,1999,147.3643523
Turkmenistan,2000,153.20375330000002
Turkmenistan,2001,157.294397
Turkmenistan,2002,167.9442361
Turkmenistan,2003,173.18927649999998
Turkmenistan,2004,173.2117025
Turkmenistan,2005,176.5708526
Turkmenistan,2006,182.13677130000002
Turkmenistan,2007,178.8133019
Turkmenistan,2008,178.4085373
Turkmenistan,2009,178.0211825
Turkmenistan,2010,177.1423151
Turkmenistan,2011,177.0365418
Turkmenistan,2012,176.7150091
Turkmenistan,2013,176.34788669999998
Uzbekistan,1992,161.768946
Uzbekistan,1993,157.7885085
Uzbekistan,1994,157.8690116
Uzbekistan,1995,152.4535302
Uzbekistan,1996,155.6967727
Uzbekistan,1997,155.85600459999998
Uzbekistan,1998,150.55103400000002
Uzbekistan,1999,150.83736069999998
Uzbekistan,2000,147.4830049
Uzbekistan,2001,144.8840269
Uzbekistan,2002,147.3729182
Uzbekistan,2003,153.01144330000002
Uzbekistan,2004,153.5227617
Uzbekistan,2005,153.9401833
Uzbekistan,2006,154.9782908
Uzbekistan,2007,157.2109065
Uzbekistan,2008,155.57983480000001
Uzbekistan,2009,158.6360213
Uzbekistan,2010,159.947327
Uzbekistan,2011,159.1760706
Uzbekistan,2012,166.061697
Uzbekistan,2013,169.6689946
Moldova,1992,156.7039689
Moldova,1993,163.55749609999998
Moldova,1994,165.4553861
Moldova,1995,152.8393345
Moldova,1996,154.0039447
Moldova,1997,159.15754840000002
Moldova,1998,152.0656873
Moldova,1999,142.0714484
Moldova,2000,147.71982140000003
Moldova,2001,163.03652549999998
Moldova,2002,164.96120980000003
Moldova,2003,191.06706880000002
Moldova,2004,192.74035039999998
Moldova,2005,198.5956954
Moldova,2006,201.34234709999998
Moldova,2007,187.5608154
Moldova,2008,191.8449708
Moldova,2009,192.704929
Moldova,2010,194.48431599999998
Moldova,2011,201.55615569999998
Moldova,2012,190.45089199999998
Moldova,2013,193.3599122
Bolivia,1980,128.8624397
Bolivia,1981,136.02100190000002
Bolivia,1982,130.9723665
Bolivia,1983,127.42245990000002
Bolivia,1984,140.6292076
Bolivia,1985,151.82193610000002
Bolivia,1986,134.580372
Bolivia,1987,134.1061737
Bolivia,1988,126.6274621
Bolivia,1989,134.5651744
Bolivia,1990,117.112674
Bolivia,1991,127.3786971
Bolivia,1992,118.50434920000001
Bolivia,1993,126.00595590000002
Bolivia,1994,130.3111154
Bolivia,1995,131.0795569
Bolivia,1996,122.38966709999998
Bolivia,1997,117.8012647
Bolivia,1998,119.83799540000001
Bolivia,1999,124.9359793
Bolivia,2000,134.5335683
Bolivia,2001,134.4366685
Bolivia,2002,131.8371557
Bolivia,2003,133.15232890000001
Bolivia,2004,136.935282
Bolivia,2005,142.63635180000003
Bolivia,2006,145.7068418
Bolivia,2007,142.0183572
Bolivia,2008,143.98121909999998
Bolivia,2009,139.4802653
Bolivia,2010,143.1546629
Bolivia,2011,143.9262592
Bolivia,2012,142.8964554
Bolivia,2013,142.9221124
Colombia,1980,107.2553662
Colombia,1981,107.3522722
Colombia,1982,110.0445959
Colombia,1983,110.1028337
Colombia,1984,110.42293590000001
Colombia,1985,104.66083959999999
Colombia,1986,103.763948
Colombia,1987,104.1896606
Colombia,1988,104.5259844
Colombia,1989,107.0848568
Colombia,1990,97.4780819
Colombia,1991,97.42029526
Colombia,1992,100.410036
Colombia,1993,107.48463799999999
Colombia,1994,109.892425
Colombia,1995,112.6939122
Colombia,1996,118.15333429999998
Colombia,1997,120.1274104
Colombia,1998,118.1285426
Colombia,1999,120.2123205
Colombia,2000,120.9123919
Colombia,2001,123.4963463
Colombia,2002,122.8063382
Colombia,2003,128.526118
Colombia,2004,131.1093427
Colombia,2005,128.8794547
Colombia,2006,123.08291979999998
Colombia,2007,122.1604622
Colombia,2008,127.73057309999999
Colombia,2009,125.22393190000001
Colombia,2010,121.170506
Colombia,2011,108.4239225
Colombia,2012,110.95792809999999
Colombia,2013,113.39141129999999
DomRep,1980,89.39596102
DomRep,1981,87.19469932
DomRep,1982,86.13721333
DomRep,1983,91.02109989
DomRep,1984,94.57764458
DomRep,1985,104.7268035
DomRep,1986,95.85390738
DomRep,1987,88.78453561
DomRep,1988,92.59959807
DomRep,1989,87.50996792
DomRep,1990,92.14959981
DomRep,1991,82.96927657
DomRep,1992,86.15314861
DomRep,1993,85.25257628
DomRep,1994,78.50874494
DomRep,1995,83.87113493
DomRep,1996,88.42610897
DomRep,1997,90.77285943
DomRep,1998,90.21804314
DomRep,1999,92.83820519
DomRep,2000,80.00135951
DomRep,2001,91.51138841
DomRep,2002,92.4948629
DomRep,2003,94.38555838
DomRep,2004,90.76764085
DomRep,2005,90.82890638
DomRep,2006,92.02068946
DomRep,2007,93.23664394
DomRep,2008,93.35602136
DomRep,2009,95.94975265
DomRep,2010,97.95826036
DomRep,2011,97.05472496
DomRep,2012,97.02296054
DomRep,2013,96.74686992
Ecuador,1980,95.46830708
Ecuador,1981,90.39935637
Ecuador,1982,94.85413682
Ecuador,1983,86.59683666
Ecuador,1984,96.84053485
Ecuador,1985,88.05495116
Ecuador,1986,93.71469609999998
Ecuador,1987,101.1937593
Ecuador,1988,119.9084778
Ecuador,1989,104.73260040000001
Ecuador,1990,99.31318132
Ecuador,1991,91.63774497
Ecuador,1992,101.1350795
Ecuador,1993,111.94791550000001
Ecuador,1994,122.97166259999999
Ecuador,1995,113.79781709999999
Ecuador,1996,127.3173315
Ecuador,1997,115.5783547
Ecuador,1998,106.6103976
Ecuador,1999,117.5225751
Ecuador,2000,107.0575604
Ecuador,2001,109.4393594
Ecuador,2002,105.1030415
Ecuador,2003,109.06712920000001
Ecuador,2004,112.11673329999999
Ecuador,2005,116.0036227
Ecuador,2006,112.17933020000001
Ecuador,2007,107.50510690000002
Ecuador,2008,106.43645719999999
Ecuador,2009,106.0038622
Ecuador,2010,107.0827598
Ecuador,2011,104.8330378
Ecuador,2012,108.2968645
Ecuador,2013,106.945232
El Salvador,1980,138.60478999999998
El Salvador,1981,143.2316386
El Salvador,1982,141.3908554
El Salvador,1983,144.5081907
El Salvador,1984,146.0338112
El Salvador,1985,145.8066603
El Salvador,1986,140.3623114
El Salvador,1987,137.22887
El Salvador,1988,135.3505382
El Salvador,1989,140.4789021
El Salvador,1990,147.8866958
El Salvador,1991,144.1682019
El Salvador,1992,148.0787397
El Salvador,1993,147.6947825
El Salvador,1994,147.5354492
El Salvador,1995,144.1588896
El Salvador,1996,136.7616757
El Salvador,1997,144.83044280000001
El Salvador,1998,145.3658934
El Salvador,1999,152.49161830000003
El Salvador,2000,156.7437343
El Salvador,2001,160.19359540000002
El Salvador,2002,161.6910243
El Salvador,2003,166.5625735
El Salvador,2004,171.0894048
El Salvador,2005,171.7568369
El Salvador,2006,173.3440595
El Salvador,2007,175.3208776
El Salvador,2008,177.7892734
El Salvador,2009,179.3336743
El Salvador,2010,179.2615586
El Salvador,2011,176.0717856
El Salvador,2012,173.204551
El Salvador,2013,173.2892666
Guatemala,1980,138.8001616
Guatemala,1981,159.66540969999997
Guatemala,1982,147.2043634
Guatemala,1983,139.1289522
Guatemala,1984,126.0599991
Guatemala,1985,137.96351840000003
Guatemala,1986,152.14519019999997
Guatemala,1987,152.4380769
Guatemala,1988,154.9200523
Guatemala,1989,140.96242759999998
Guatemala,1990,143.3274618
Guatemala,1991,141.9756358
Guatemala,1992,139.8605016
Guatemala,1993,146.4828566
Guatemala,1994,146.5312368
Guatemala,1995,149.0897679
Guatemala,1996,143.51920859999998
Guatemala,1997,134.3254116
Guatemala,1998,135.38489719999998
Guatemala,1999,140.2784684
Guatemala,2000,122.85418829999999
Guatemala,2001,123.83507730000001
Guatemala,2002,125.0209533
Guatemala,2003,126.44528770000001
Guatemala,2004,127.0323091
Guatemala,2005,130.66614140000001
Guatemala,2006,135.0612387
Guatemala,2007,133.7095244
Guatemala,2008,129.8161625
Guatemala,2009,127.83596399999999
Guatemala,2010,128.5817714
Guatemala,2011,130.1525187
Guatemala,2012,127.99042800000001
Guatemala,2013,128.2869223
Haiti,1980,112.66978909999999
Haiti,1981,115.82472299999999
Haiti,1982,111.99765259999998
Haiti,1983,115.6287998
Haiti,1984,112.0165022
Haiti,1985,111.5536043
Haiti,1986,110.48823030000001
Haiti,1987,109.67849629999999
Haiti,1988,109.2800628
Haiti,1989,105.13954199999999
Haiti,1990,98.63139146
Haiti,1991,110.72172150000002
Haiti,1992,112.1165453
Haiti,1993,110.8206342
Haiti,1994,111.8153409
Haiti,1995,112.8879106
Haiti,1996,108.0186348
Haiti,1997,110.44954369999999
Haiti,1998,113.97062360000001
Haiti,1999,110.3742611
Haiti,2000,109.92024140000001
Haiti,2001,111.6450933
Haiti,2002,110.07894850000001
Haiti,2003,110.0717405
Haiti,2004,113.14617520000002
Haiti,2005,122.39678229999998
Haiti,2006,123.93931459999999
Haiti,2007,117.9474945
Haiti,2008,124.91478470000001
Haiti,2009,124.4787328
Haiti,2010,137.2947949
Haiti,2011,127.14692079999999
Haiti,2012,117.2698028
Haiti,2013,127.482871
Honduras,1980,124.56605659999998
Honduras,1981,125.82357209999999
Honduras,1982,121.1775457
Honduras,1983,127.64689229999999
Honduras,1984,127.7743582
Honduras,1985,130.1663219
Honduras,1986,128.780708
Honduras,1987,130.70635479999999
Honduras,1988,125.2117463
Honduras,1989,127.72688059999999
Honduras,1990,110.50956059999999
Honduras,1991,110.3650055
Honduras,1992,111.0682298
Honduras,1993,113.9407395
Honduras,1994,117.0853397
Honduras,1995,125.4316133
Honduras,1996,122.06820049999999
Honduras,1997,122.7636939
Honduras,1998,99.02229934
Honduras,1999,100.1029855
Honduras,2000,131.1607517
Honduras,2001,129.2559034
Honduras,2002,124.1932888
Honduras,2003,130.837652
Honduras,2004,134.4700283
Honduras,2005,139.7359304
Honduras,2006,135.3750754
Honduras,2007,138.4371596
Honduras,2008,133.8151636
Honduras,2009,128.6316623
Honduras,2010,121.27871599999999
Honduras,2011,126.2890987
Honduras,2012,128.4773568
Honduras,2013,128.68822690000002
Jamaica,1980,133.43209779999998
Jamaica,1981,133.62528740000002
Jamaica,1982,130.25765800000002
Jamaica,1983,130.7119249
Jamaica,1984,137.1191793
Jamaica,1985,136.2305409
Jamaica,1986,132.238934
Jamaica,1987,128.2605732
Jamaica,1988,125.7845078
Jamaica,1989,123.9718904
Jamaica,1990,155.7832233
Jamaica,1991,152.14583080000003
Jamaica,1992,160.36487830000002
Jamaica,1993,152.535885
Jamaica,1994,160.46417769999996
Jamaica,1995,154.7866592
Jamaica,1996,149.68145959999998
Jamaica,1997,140.41973240000002
Jamaica,1998,145.2385228
Jamaica,1999,146.00463390000002
Jamaica,2000,147.35855569999998
Jamaica,2001,143.3409128
Jamaica,2002,139.8890168
Jamaica,2003,140.6946699
Jamaica,2004,139.5187888
Jamaica,2005,138.3128394
Jamaica,2006,140.66840119999998
Jamaica,2007,142.7736511
Jamaica,2008,141.72227519999998
Jamaica,2009,141.1491794
Jamaica,2010,144.2468159
Jamaica,2011,145.2270398
Jamaica,2012,145.4521718
Jamaica,2013,145.0071163
Nicaragua,1980,109.2544122
Nicaragua,1981,111.3178875
Nicaragua,1982,109.5754757
Nicaragua,1983,114.949541
Nicaragua,1984,120.5164858
Nicaragua,1985,125.31668049999999
Nicaragua,1986,127.1936075
Nicaragua,1987,131.0385946
Nicaragua,1988,126.85532309999999
Nicaragua,1989,125.3277956
Nicaragua,1990,111.74920320000001
Nicaragua,1991,101.59713409999999
Nicaragua,1992,98.69315028
Nicaragua,1993,106.1624332
Nicaragua,1994,102.1310681
Nicaragua,1995,107.181394
Nicaragua,1996,102.5598613
Nicaragua,1997,106.4745602
Nicaragua,1998,119.94957109999999
Nicaragua,1999,120.46504669999999
Nicaragua,2000,125.8298144
Nicaragua,2001,127.8941463
Nicaragua,2002,132.6027326
Nicaragua,2003,129.1618373
Nicaragua,2004,136.51064440000002
Nicaragua,2005,141.2359945
Nicaragua,2006,142.6899083
Nicaragua,2007,141.6049907
Nicaragua,2008,141.04542030000002
Nicaragua,2009,138.3386589
Nicaragua,2010,137.8181267
Nicaragua,2011,138.5967706
Nicaragua,2012,141.9959628
Nicaragua,2013,142.50030900000002
Peru,1980,134.0421903
Peru,1981,142.1627321
Peru,1982,146.6803372
Peru,1983,137.0090402
Peru,1984,128.08621499999998
Peru,1985,122.0321646
Peru,1986,141.29170469999997
Peru,1987,134.3992686
Peru,1988,134.7324249
Peru,1989,133.9154339
Peru,1990,115.8720159
Peru,1991,119.4137922
Peru,1992,118.6289462
Peru,1993,129.6807208
Peru,1994,134.9358294
Peru,1995,141.13607009999998
Peru,1996,148.9223696
Peru,1997,151.319635
Peru,1998,155.34066299999998
Peru,1999,164.5219624
Peru,2000,170.7340648
Peru,2001,164.7292982
Peru,2002,171.37536799999998
Peru,2003,170.8430801
Peru,2004,167.32763290000003
Peru,2005,174.0987051
Peru,2006,177.50871830000003
Peru,2007,179.2766904
Peru,2008,184.435315
Peru,2009,189.090475
Peru,2010,191.12684040000002
Peru,2011,193.2889128
Peru,2012,198.6787749
Peru,2013,199.77075390000002
